No.;CLAVE;VALOR;EQUIPAMIENTO;AMENITY;DESCRIPCION;DESCRIPTION;Living;Working;Supplying;Caring;Learning;Enjoying;Well_being;Sociability;Environmental_Impact;Education_and_Culture;Health_and_Care;Commerce_and_Supply;Sport_and_Public_Spaces;Work_and_Economic_Activities;Administratives_and_Financial_Services;Housing;Transportation;Community_and_Spirituality
1;building;apartments;Apartamentos;Apartments;Edificios de apartamentos;Apartment buildings;VERDADERO;FALSO;FALSO;FALSO;FALSO;FALSO;VERDADERO;FALSO;FALSO;FALSO;FALSO;FALSO;FALSO;FALSO;FALSO;VERDADERO;FALSO;FALSO
2;building;house;Casas;Houses;Casas unifamiliares;Single-family houses;VERDADERO;FALSO;FALSO;FALSO;FALSO;FALSO;VERDADERO;FALSO;FALSO;FALSO;FALSO;FALSO;FALSO;FALSO;FALSO;VERDADERO;FALSO;FALSO
3;building;residential;Residencial;Residential;Uso residencial general;General residential use;VERDADERO;FALSO;FALSO;FALSO;FALSO;FALSO;VERDADERO;FALSO;FALSO;FALSO;FALSO;FALSO;FALSO;FALSO;FALSO;VERDADERO;FALSO;FALSO
4;building;dormitory;Dormitorios;Dormitories;Residencias de estudiantes o dormitorios;Student residences or dormitories;VERDADERO;FALSO;FALSO;FALSO;FALSO;FALSO;VERDADERO;FALSO;FALSO;FALSO;FALSO;FALSO;FALSO;FALSO;FALSO;VERDADERO;FALSO;FALSO
5;landuse;residential;Residencial;Residential;Áreas designadas principalmente para la vivienda;Areas primarily designated for housing;VERDADERO;FALSO;FALSO;FALSO;FALSO;FALSO;VERDADERO;FALSO;FALSO;FALSO;FALSO;FALSO;FALSO;FALSO;FALSO;VERDADERO;FALSO;FALSO
6;tourism;hotel;Hoteles;Hotels;Hoteles;Hotels;VERDADERO;FALSO;FALSO;FALSO;FALSO;FALSO;FALSO;FALSO;FALSO;FALSO;FALSO;FALSO;FALSO;FALSO;FALSO;VERDADERO;FALSO;FALSO
7;tourism;hostel;Hostales;Hostels;Hostales;Hostels;VERDADERO;FALSO;FALSO;FALSO;FALSO;FALSO;FALSO;FALSO;FALSO;FALSO;FALSO;FALSO;FALSO;FALSO;FALSO;VERDADERO;FALSO;FALSO
8;office;*;Oficinas;Offices;Oficinas en general;Offices in general;FALSO;VERDADERO;FALSO;FALSO;FALSO;FALSO;FALSO;FALSO;FALSO;FALSO;FALSO;FALSO;FALSO;VERDADERO;FALSO;FALSO;FALSO;FALSO
9;office;government;Oficinas gubernamentales;Government offices;Oficinas gubernamentales;Government offices;FALSO;VERDADERO;FALSO;FALSO;FALSO;FALSO;FALSO;FALSO;FALSO;FALSO;FALSO;FALSO;FALSO;VERDADERO;FALSO;FALSO;FALSO;FALSO
10;office;company;Oficinas de empresas;Company offices;Oficinas de empresas privadas;Private company offices;FALSO;VERDADERO;FALSO;FALSO;FALSO;FALSO;FALSO;FALSO;FALSO;FALSO;FALSO;FALSO;FALSO;VERDADERO;FALSO;FALSO;FALSO;FALSO
11;office;it;Oficinas de tecnología;IT offices;Oficinas de tecnología;Technology offices;FALSO;VERDADERO;FALSO;FALSO;FALSO;FALSO;FALSO;FALSO;FALSO;FALSO;FALSO;FALSO;FALSO;VERDADERO;FALSO;FALSO;FALSO;FALSO
12;office;lawyer;Despachos de abogados;Lawyer offices;Despachos de abogados;Law firms;FALSO;VERDADERO;FALSO;FALSO;FALSO;FALSO;FALSO;FALSO;FALSO;FALSO;FALSO;FALSO;FALSO;VERDADERO;FALSO;FALSO;FALSO;FALSO
13;office;architect;Estudios de arquitectura;Architect offices;Estudios de arquitectura;Architecture studios;FALSO;VERDADERO;FALSO;FALSO;FALSO;FALSO;FALSO;FALSO;FALSO;FALSO;FALSO;FALSO;FALSO;VERDADERO;FALSO;FALSO;FALSO;FALSO
14;landuse;industrial;Uso industrial;Industrial use;Zonas industriales, fábricas;Industrial zones, factories;FALSO;VERDADERO;FALSO;FALSO;FALSO;FALSO;FALSO;FALSO;FALSO;FALSO;FALSO;FALSO;FALSO;VERDADERO;FALSO;FALSO;FALSO;FALSO
15;landuse;commercial;Uso comercial;Commercial use;Zonas de oficinas y negocios;Office and business zones;FALSO;VERDADERO;FALSO;FALSO;FALSO;FALSO;FALSO;FALSO;FALSO;FALSO;FALSO;FALSO;FALSO;VERDADERO;FALSO;FALSO;FALSO;FALSO
16;craft;*;Talleres artesanales;Crafts;Talleres de artesanos (ej craft=carpenter, craft=electrician);Artisan workshops (e.g. craft=carpenter, craft=electrician);FALSO;VERDADERO;FALSO;FALSO;FALSO;FALSO;FALSO;FALSO;FALSO;FALSO;FALSO;FALSO;FALSO;VERDADERO;FALSO;FALSO;FALSO;FALSO
17;shop;supermarket;Supermercados;Supermarkets;Supermercado;Supermarket;FALSO;FALSO;VERDADERO;FALSO;FALSO;FALSO;VERDADERO;FALSO;FALSO;FALSO;FALSO;VERDADERO;FALSO;FALSO;FALSO;FALSO;FALSO;FALSO
18;shop;convenience;Tiendas de conveniencia;Conveniences;Tienda de conveniencia, ultramarinos;Convenience store / grocery shop;FALSO;FALSO;VERDADERO;FALSO;FALSO;FALSO;VERDADERO;FALSO;FALSO;FALSO;FALSO;VERDADERO;FALSO;FALSO;FALSO;FALSO;FALSO;FALSO
19;amenity;marketplace;Mercados;Marketplaces;Mercado de abastos;Market hall;FALSO;FALSO;VERDADERO;FALSO;FALSO;FALSO;VERDADERO;VERDADERO;VERDADERO;FALSO;FALSO;VERDADERO;FALSO;FALSO;FALSO;FALSO;FALSO;FALSO
20;shop;bakery;Panaderías;Bakeries;Panadería;Bakery;FALSO;FALSO;VERDADERO;FALSO;FALSO;FALSO;VERDADERO;VERDADERO;FALSO;FALSO;FALSO;VERDADERO;FALSO;FALSO;FALSO;FALSO;FALSO;FALSO
21;shop;butcher;Carnicerías;Butchers;Carnicería;Butcher shop;FALSO;FALSO;VERDADERO;FALSO;FALSO;FALSO;VERDADERO;FALSO;FALSO;FALSO;FALSO;VERDADERO;FALSO;FALSO;FALSO;FALSO;FALSO;FALSO
22;shop;greengrocer;Fruterías / Verdulerías;Greengroceries;Frutería / Verdulería;Fruit and vegetable shop;FALSO;FALSO;VERDADERO;FALSO;FALSO;FALSO;VERDADERO;FALSO;FALSO;FALSO;FALSO;VERDADERO;FALSO;FALSO;FALSO;FALSO;FALSO;FALSO
23;shop;clothes;Tiendas de ropa;Clothes shops;Tienda de ropa;Clothing store;FALSO;FALSO;VERDADERO;FALSO;FALSO;FALSO;FALSO;FALSO;FALSO;FALSO;FALSO;VERDADERO;FALSO;FALSO;FALSO;FALSO;FALSO;FALSO
24;shop;shoes;Zapaterías;Shoes shops;Zapatería;Shoe store;FALSO;FALSO;VERDADERO;FALSO;FALSO;FALSO;FALSO;FALSO;FALSO;FALSO;FALSO;VERDADERO;FALSO;FALSO;FALSO;FALSO;FALSO;FALSO
25;shop;hardware;Ferreterías;Hardware shops;Ferretería;Hardware store;FALSO;FALSO;VERDADERO;FALSO;FALSO;FALSO;FALSO;FALSO;FALSO;FALSO;FALSO;VERDADERO;FALSO;FALSO;FALSO;FALSO;FALSO;FALSO
26;shop;electronics;Tiendas de electrónica;Electronics shops;Tienda de electrónica;Electronics store;FALSO;FALSO;VERDADERO;FALSO;FALSO;FALSO;FALSO;FALSO;FALSO;FALSO;FALSO;VERDADERO;FALSO;FALSO;FALSO;FALSO;FALSO;FALSO
27;shop;books;Librerías;Books shops;Librería;Bookstore;FALSO;FALSO;VERDADERO;FALSO;FALSO;FALSO;VERDADERO;FALSO;FALSO;FALSO;FALSO;VERDADERO;FALSO;FALSO;FALSO;FALSO;FALSO;FALSO
28;shop;chemist;Droguerías;Chemist shops;Droguería, tienda de productos de droguería e higiene;Drugstore / hygiene products shop;FALSO;FALSO;VERDADERO;FALSO;FALSO;FALSO;VERDADERO;FALSO;FALSO;FALSO;VERDADERO;FALSO;FALSO;FALSO;FALSO;FALSO;FALSO;FALSO
29;amenity;post_office;Oficina de correos;Post Office;Oficina de correos;Post office;FALSO;FALSO;VERDADERO;FALSO;FALSO;FALSO;FALSO;VERDADERO;FALSO;FALSO;FALSO;FALSO;FALSO;FALSO;VERDADERO;FALSO;FALSO;FALSO
30;amenity;bank;Bancos;Banks;Banco;Bank;FALSO;FALSO;VERDADERO;FALSO;FALSO;FALSO;FALSO;FALSO;FALSO;FALSO;FALSO;FALSO;FALSO;FALSO;VERDADERO;FALSO;FALSO;FALSO
31;amenity;atm;Cajeros automáticos;ATMs;Cajero automático;ATM;FALSO;FALSO;VERDADERO;FALSO;FALSO;FALSO;FALSO;FALSO;FALSO;FALSO;FALSO;FALSO;FALSO;FALSO;VERDADERO;FALSO;FALSO;FALSO
32;shop;laundry;Lavanderías;Laundries;Lavandería / Tintorería;Laundry / dry cleaning;FALSO;FALSO;VERDADERO;FALSO;FALSO;FALSO;VERDADERO;VERDADERO;FALSO;FALSO;FALSO;VERDADERO;FALSO;FALSO;FALSO;FALSO;FALSO;FALSO
33;shop;dry_cleaning;Tintorerías;Dry cleaning;Lavandería / Tintorería;Laundry / dry cleaning;FALSO;FALSO;VERDADERO;FALSO;FALSO;FALSO;VERDADERO;VERDADERO;FALSO;FALSO;FALSO;VERDADERO;FALSO;FALSO;FALSO;FALSO;FALSO;FALSO
34;shop;mall;Centros comerciales;Malls;Centro comercial de grandes dimensiones;Large shopping mall;FALSO;FALSO;VERDADERO;FALSO;FALSO;VERDADERO;VERDADERO;VERDADERO;FALSO;FALSO;FALSO;VERDADERO;FALSO;FALSO;FALSO;FALSO;FALSO;FALSO
35;amenity;hospital;Hospitales;Hospitals;Hospital;Hospital;FALSO;FALSO;FALSO;VERDADERO;FALSO;FALSO;VERDADERO;FALSO;FALSO;FALSO;VERDADERO;FALSO;FALSO;FALSO;FALSO;FALSO;FALSO;FALSO
36;amenity;doctors;Consultorios médicos;Doctors;Consultorio médico de atención primaria;General practitioner office;FALSO;FALSO;FALSO;VERDADERO;FALSO;FALSO;VERDADERO;FALSO;FALSO;FALSO;VERDADERO;FALSO;FALSO;FALSO;FALSO;FALSO;FALSO;FALSO
37;healthcare;doctor;Consultorios médicos;Doctors;Consultorio médico de atención primaria;General practitioner office;FALSO;FALSO;FALSO;VERDADERO;FALSO;FALSO;VERDADERO;FALSO;FALSO;FALSO;VERDADERO;FALSO;FALSO;FALSO;FALSO;FALSO;FALSO;FALSO
38;amenity;clinic;Clínicas;Clinics;Clínica (puede ser más especializada);Clinic (can be more specialized);FALSO;FALSO;FALSO;VERDADERO;FALSO;FALSO;VERDADERO;FALSO;FALSO;FALSO;VERDADERO;FALSO;FALSO;FALSO;FALSO;FALSO;FALSO;FALSO
39;healthcare;clinic;Clínicas;Clinics;Clínica (puede ser más especializada);Clinic (can be more specialized);FALSO;FALSO;FALSO;VERDADERO;FALSO;FALSO;VERDADERO;FALSO;FALSO;FALSO;VERDADERO;FALSO;FALSO;FALSO;FALSO;FALSO;FALSO;FALSO
40;amenity;dentist;Dentistas;Dentists;Dentista;Dentist;FALSO;FALSO;FALSO;VERDADERO;FALSO;FALSO;VERDADERO;FALSO;FALSO;FALSO;VERDADERO;FALSO;FALSO;FALSO;FALSO;FALSO;FALSO;FALSO
41;healthcare;dentist;Dentistas;Dentists;Dentista;Dentist;FALSO;FALSO;FALSO;VERDADERO;FALSO;FALSO;VERDADERO;FALSO;FALSO;FALSO;VERDADERO;FALSO;FALSO;FALSO;FALSO;FALSO;FALSO;FALSO
42;amenity;pharmacy;Farmacias;Pharmacies;Farmacia (rol dual, abastecimiento y salud);Pharmacy (dual role: supply and healthcare);FALSO;FALSO;VERDADERO;VERDADERO;FALSO;FALSO;VERDADERO;FALSO;FALSO;FALSO;VERDADERO;FALSO;FALSO;FALSO;FALSO;FALSO;FALSO;FALSO
43;amenity;childcare;Guarderías;Childcare centres;Guardería o centro de cuidado infantil;Childcare center or nursery;FALSO;FALSO;FALSO;VERDADERO;FALSO;FALSO;VERDADERO;FALSO;FALSO;FALSO;VERDADERO;FALSO;FALSO;FALSO;FALSO;FALSO;FALSO;FALSO
44;amenity;social_facility;Centros de servicios sociales;Social facilities;Centro de servicios sociales (ej para personas mayores, personas sin hogar);Social services center (e.g. for elderly or homeless people);FALSO;FALSO;FALSO;VERDADERO;FALSO;FALSO;VERDADERO;FALSO;FALSO;FALSO;VERDADERO;FALSO;FALSO;FALSO;FALSO;FALSO;FALSO;FALSO
45;healthcare;laboratory;Laboratorios de salud;Health laboratories;Análisis de muestras de laboratorio;Laboratory sample analysis;FALSO;FALSO;FALSO;VERDADERO;FALSO;FALSO;VERDADERO;FALSO;FALSO;FALSO;VERDADERO;FALSO;FALSO;FALSO;FALSO;FALSO;FALSO;FALSO
46;amenity;veterinary;Veterinarias;Veterinaries;Atención a mascotas;Pet care services;FALSO;FALSO;FALSO;VERDADERO;FALSO;FALSO;VERDADERO;FALSO;FALSO;FALSO;VERDADERO;FALSO;FALSO;FALSO;FALSO;FALSO;FALSO;FALSO
47;social_facility:for;senior;Centros de día para mayores;Senior centres;Centro de día para mayores;Day center for the elderly;FALSO;FALSO;FALSO;VERDADERO;FALSO;FALSO;VERDADERO;FALSO;FALSO;FALSO;VERDADERO;FALSO;FALSO;FALSO;FALSO;FALSO;FALSO;FALSO
48;shop;hairdresser;Peluquerías;Hairdressers;Peluquería;Hair salon;FALSO;FALSO;FALSO;VERDADERO;FALSO;FALSO;VERDADERO;FALSO;FALSO;FALSO;VERDADERO;FALSO;FALSO;FALSO;FALSO;FALSO;FALSO;FALSO
49;shop;beauty;Salones de belleza;Beauty saloons;Salón de belleza;Beauty salon;FALSO;FALSO;FALSO;VERDADERO;FALSO;FALSO;VERDADERO;FALSO;FALSO;FALSO;VERDADERO;FALSO;FALSO;FALSO;FALSO;FALSO;FALSO;FALSO
50;amenity;kindergarten;Jardines infantiles;Kindergartens;Escuela infantil;Preschool;FALSO;FALSO;FALSO;FALSO;VERDADERO;FALSO;VERDADERO;FALSO;FALSO;VERDADERO;FALSO;FALSO;FALSO;FALSO;FALSO;FALSO;FALSO;FALSO
51;amenity;school;Escuelas;Schools;Colegio (primaria y secundaria);School (primary and secondary);FALSO;FALSO;FALSO;FALSO;VERDADERO;FALSO;VERDADERO;VERDADERO;FALSO;VERDADERO;FALSO;FALSO;FALSO;FALSO;FALSO;FALSO;FALSO;FALSO
52;amenity;college;Institutos / Colegios;Colleges;Institución de educación superior (puede ser FP o parte de una universidad);Higher education institution (can include vocational training or be part of a university);FALSO;FALSO;FALSO;FALSO;VERDADERO;FALSO;VERDADERO;VERDADERO;FALSO;VERDADERO;FALSO;FALSO;FALSO;FALSO;FALSO;FALSO;FALSO;FALSO
53;amenity;university;Universidades;Universities;Universidad;University;FALSO;FALSO;FALSO;FALSO;VERDADERO;FALSO;VERDADERO;VERDADERO;FALSO;VERDADERO;FALSO;FALSO;FALSO;FALSO;FALSO;FALSO;FALSO;FALSO
54;amenity;library;Bibliotecas;Libraries;Biblioteca pública o privada;Public or private library;FALSO;FALSO;FALSO;FALSO;VERDADERO;FALSO;VERDADERO;VERDADERO;FALSO;VERDADERO;FALSO;FALSO;FALSO;FALSO;FALSO;FALSO;FALSO;FALSO
55;amenity;language_school;Escuelas de idiomas;Language schools;Escuela de idiomas;Language school;FALSO;FALSO;FALSO;FALSO;VERDADERO;FALSO;VERDADERO;VERDADERO;FALSO;VERDADERO;FALSO;FALSO;FALSO;FALSO;FALSO;FALSO;FALSO;FALSO
56;amenity;music_school;Escuelas de música;Music schools;Escuela de música;Music school;FALSO;FALSO;FALSO;FALSO;VERDADERO;FALSO;VERDADERO;FALSO;FALSO;VERDADERO;FALSO;FALSO;FALSO;FALSO;FALSO;FALSO;FALSO;FALSO
57;amenity;training;Centros de formación técnica;Training centres;Formación técnica;Technical training;FALSO;FALSO;FALSO;FALSO;VERDADERO;FALSO;FALSO;FALSO;FALSO;VERDADERO;FALSO;FALSO;FALSO;FALSO;FALSO;FALSO;FALSO;FALSO
58;amenity;research_institute;Institutos de investigación;Research institutes;Centro de investigación;Research center;FALSO;FALSO;FALSO;FALSO;VERDADERO;FALSO;FALSO;FALSO;FALSO;VERDADERO;FALSO;FALSO;FALSO;FALSO;FALSO;FALSO;FALSO;FALSO
59;office;research;Institutos de investigación;Research institutes;Institutos de investigación;Research institutes;FALSO;FALSO;FALSO;FALSO;VERDADERO;FALSO;FALSO;FALSO;FALSO;VERDADERO;FALSO;FALSO;FALSO;FALSO;FALSO;FALSO;FALSO;FALSO
60;amenity;theatre;Teatros;Theatres;Teatro;Theater;FALSO;FALSO;FALSO;FALSO;FALSO;VERDADERO;FALSO;VERDADERO;FALSO;VERDADERO;FALSO;FALSO;FALSO;FALSO;FALSO;FALSO;FALSO;FALSO
61;amenity;cinema;Cines;Cinemas;Cine;Cinema;FALSO;FALSO;FALSO;FALSO;FALSO;VERDADERO;FALSO;VERDADERO;FALSO;FALSO;FALSO;FALSO;VERDADERO;FALSO;FALSO;FALSO;FALSO;FALSO
62;tourism;museum;Museos;Museums;"Museo (Nota: también tiene un componente de ""Learning"")";Museum (Note: also includes an educational component);FALSO;FALSO;FALSO;FALSO;FALSO;VERDADERO;FALSO;VERDADERO;FALSO;VERDADERO;FALSO;FALSO;FALSO;FALSO;FALSO;FALSO;FALSO;FALSO
63;tourism;gallery;Galerías;Galleries;Galería de arte;Art gallery;FALSO;FALSO;FALSO;FALSO;FALSO;VERDADERO;FALSO;VERDADERO;FALSO;VERDADERO;FALSO;FALSO;FALSO;FALSO;FALSO;FALSO;FALSO;FALSO
64;amenity;arts_centre;Centros culturales;Arts centres;Centro cultural;Cultural center;FALSO;FALSO;FALSO;FALSO;FALSO;VERDADERO;FALSO;VERDADERO;FALSO;VERDADERO;FALSO;FALSO;FALSO;FALSO;FALSO;FALSO;FALSO;FALSO
65;amenity;community_centre;Centros comunitarios;Community centres;Centro cívico o comunitario;Civic or community center;FALSO;FALSO;FALSO;FALSO;FALSO;VERDADERO;FALSO;VERDADERO;FALSO;FALSO;FALSO;FALSO;FALSO;FALSO;FALSO;FALSO;FALSO;VERDADERO
66;amenity;restaurant;Restaurantes;Restaurants;Restaurante;Restaurant;FALSO;FALSO;FALSO;FALSO;FALSO;VERDADERO;FALSO;VERDADERO;FALSO;FALSO;FALSO;FALSO;VERDADERO;FALSO;FALSO;FALSO;FALSO;FALSO
67;amenity;cafe;Cafeterías;Cofree shops;Cafetería;Café;FALSO;FALSO;FALSO;FALSO;FALSO;VERDADERO;FALSO;VERDADERO;FALSO;FALSO;FALSO;FALSO;VERDADERO;FALSO;FALSO;FALSO;FALSO;FALSO
68;amenity;bar;Bares;Bars;Bar;Bar;FALSO;FALSO;FALSO;FALSO;FALSO;VERDADERO;FALSO;VERDADERO;FALSO;FALSO;FALSO;FALSO;VERDADERO;FALSO;FALSO;FALSO;FALSO;FALSO
69;amenity;pub;Pubs;Pubs;Pub;Pub;FALSO;FALSO;FALSO;FALSO;FALSO;VERDADERO;FALSO;VERDADERO;FALSO;FALSO;FALSO;FALSO;VERDADERO;FALSO;FALSO;FALSO;FALSO;FALSO
70;amenity;fast_food;Restaurantes de comida rápida;Fast food restaurants;Restaurante de comida rápida;Fast food restaurant;FALSO;FALSO;FALSO;FALSO;FALSO;VERDADERO;VERDADERO;VERDADERO;FALSO;FALSO;FALSO;FALSO;VERDADERO;FALSO;FALSO;FALSO;FALSO;FALSO
71;leisure;park;Parques;Parks;Parque;Park;FALSO;FALSO;FALSO;FALSO;FALSO;VERDADERO;VERDADERO;VERDADERO;VERDADERO;FALSO;FALSO;FALSO;VERDADERO;FALSO;FALSO;FALSO;FALSO;FALSO
72;leisure;playground;Parques infantiles;Playgrounds;Parque infantil;Playground;FALSO;FALSO;FALSO;FALSO;FALSO;VERDADERO;FALSO;VERDADERO;FALSO;FALSO;FALSO;FALSO;VERDADERO;FALSO;FALSO;FALSO;FALSO;FALSO
73;leisure;garden;Jardines;Gardens;Jardín público o botánico;Public or botanical garden;FALSO;FALSO;FALSO;FALSO;FALSO;VERDADERO;VERDADERO;FALSO;VERDADERO;FALSO;FALSO;FALSO;VERDADERO;FALSO;FALSO;FALSO;FALSO;FALSO
74;leisure;sports_centre;Centros deportivos;Sports centres;Polideportivo;Sports center;FALSO;FALSO;FALSO;FALSO;FALSO;VERDADERO;VERDADERO;VERDADERO;FALSO;FALSO;FALSO;FALSO;VERDADERO;FALSO;FALSO;FALSO;FALSO;FALSO
75;leisure;stadium;Estadios;Stadiums;Estadio;Stadium;FALSO;FALSO;FALSO;FALSO;FALSO;VERDADERO;VERDADERO;VERDADERO;FALSO;FALSO;FALSO;FALSO;VERDADERO;FALSO;FALSO;FALSO;FALSO;FALSO
76;leisure;pitch;Campos deportivos;Pitch fields;Campo de deporte (fútbol, baloncesto, etc);Sports field (soccer, basketball, etc.);FALSO;FALSO;FALSO;FALSO;FALSO;VERDADERO;VERDADERO;FALSO;FALSO;FALSO;FALSO;FALSO;VERDADERO;FALSO;FALSO;FALSO;FALSO;FALSO
77;leisure;swimming_pool;Piscinas;Swimming pools;Piscina;Swimming pool;FALSO;FALSO;FALSO;FALSO;FALSO;VERDADERO;VERDADERO;FALSO;FALSO;FALSO;FALSO;FALSO;VERDADERO;FALSO;FALSO;FALSO;FALSO;FALSO
78;leisure;fitness_centre;Gimnasios;Fitness centres;Gimnasio;Gym;FALSO;FALSO;FALSO;FALSO;FALSO;VERDADERO;VERDADERO;FALSO;FALSO;FALSO;FALSO;FALSO;VERDADERO;FALSO;FALSO;FALSO;FALSO;FALSO
79;landuse;recreation_ground;Áreas recreativas;Recreation grounds;Terreno de uso recreativo;Recreational land;FALSO;FALSO;FALSO;FALSO;FALSO;VERDADERO;FALSO;VERDADERO;FALSO;FALSO;FALSO;FALSO;VERDADERO;FALSO;FALSO;FALSO;FALSO;FALSO
80;amenity;place_of_worship;Lugares de culto;Places of worship;Lugar de culto (iglesias, mezquitas, sinagogas, etc);Place of worship (churches, mosques, synagogues, etc.);FALSO;FALSO;FALSO;FALSO;FALSO;VERDADERO;FALSO;VERDADERO;FALSO;FALSO;FALSO;FALSO;FALSO;FALSO;FALSO;FALSO;FALSO;VERDADERO
81;place;square;Plazas;Squares;Plazas abiertas en la ciudad;Open city squares;FALSO;FALSO;FALSO;FALSO;FALSO;VERDADERO;FALSO;VERDADERO;FALSO;FALSO;FALSO;FALSO;VERDADERO;FALSO;FALSO;FALSO;FALSO;FALSO
82;leisure;nature_reserve;Reservas naturales;Nature reserves;Reserva natural;Nature reserve;FALSO;FALSO;FALSO;FALSO;FALSO;VERDADERO;VERDADERO;FALSO;VERDADERO;FALSO;FALSO;FALSO;VERDADERO;FALSO;FALSO;FALSO;FALSO;FALSO
83;landuse;forest;Bosques;Forests;Bosque;Forest;FALSO;FALSO;FALSO;FALSO;FALSO;VERDADERO;VERDADERO;FALSO;VERDADERO;FALSO;FALSO;FALSO;VERDADERO;FALSO;FALSO;FALSO;FALSO;FALSO
84;landuse;meadow;Praderas;Meadows;Pradera;Meadow;FALSO;FALSO;FALSO;FALSO;FALSO;VERDADERO;VERDADERO;FALSO;VERDADERO;FALSO;FALSO;FALSO;VERDADERO;FALSO;FALSO;FALSO;FALSO;FALSO
85;amenity;bicycle_rental;Alquiler de bicicletas;Bicycle rental;Renta de bicicletas;Bicycle rental;FALSO;FALSO;FALSO;FALSO;FALSO;VERDADERO;FALSO;FALSO;VERDADERO;FALSO;FALSO;FALSO;VERDADERO;FALSO;FALSO;FALSO;VERDADERO;FALSO
86;amenity;bicycle_parking;Parqueaderos de bicicletas;Bicycle parkings;Parking de bicicletas;Bicycle parking;FALSO;FALSO;FALSO;FALSO;FALSO;VERDADERO;FALSO;FALSO;VERDADERO;FALSO;FALSO;FALSO;FALSO;FALSO;FALSO;FALSO;VERDADERO;FALSO
87;shop;bicycle;Tiendas de bicicletas;Bicycle shops;Tienda de bicicletas;Bicycle shop;FALSO;FALSO;FALSO;FALSO;FALSO;VERDADERO;FALSO;FALSO;VERDADERO;FALSO;FALSO;VERDADERO;FALSO;FALSO;FALSO;FALSO;FALSO;FALSO
88;public_transport;station;Estaciones de transporte público;Public transport stations;Parada de transporte público;Public transport stop;VERDADERO;FALSO;FALSO;FALSO;FALSO;FALSO;FALSO;FALSO;VERDADERO;FALSO;FALSO;FALSO;FALSO;FALSO;FALSO;FALSO;VERDADERO;FALSO
89;public_transport;stop_position;Estaciones de transporte público;Public transport stations;Parada de transporte público;Public transport stop;VERDADERO;FALSO;FALSO;FALSO;FALSO;FALSO;FALSO;FALSO;VERDADERO;FALSO;FALSO;FALSO;FALSO;FALSO;FALSO;FALSO;VERDADERO;FALSO
90;amenity;recycling;Puntos de reciclaje;Recycling points;Punto de reciclaje;Recycling point;VERDADERO;FALSO;FALSO;FALSO;FALSO;FALSO;FALSO;FALSO;VERDADERO;FALSO;FALSO;FALSO;FALSO;FALSO;VERDADERO;FALSO;FALSO;FALSO
91;railway;station;Estaciones de tren;Train stations;Estación de trenes;Train station;VERDADERO;FALSO;FALSO;FALSO;FALSO;FALSO;FALSO;FALSO;VERDADERO;FALSO;FALSO;FALSO;FALSO;FALSO;FALSO;FALSO;VERDADERO;FALSO
92;highway;bus_stop;Estaciones de transporte público;Public transport stations;Parada de transporte público;Public transport stop;VERDADERO;FALSO;FALSO;FALSO;FALSO;FALSO;FALSO;FALSO;VERDADERO;FALSO;FALSO;FALSO;FALSO;FALSO;FALSO;FALSO;VERDADERO;FALSO
93;amenity;bus_station;Estaciones de transporte público;Public transport stations;Terminal de larga distancia;Long-distance bus terminal;VERDADERO;FALSO;FALSO;FALSO;FALSO;FALSO;FALSO;FALSO;VERDADERO;FALSO;FALSO;FALSO;FALSO;FALSO;FALSO;FALSO;VERDADERO;FALSO
94;aeroway;aerodrome;Aeropuertos;Airports;Aeropuerto;Airport;FALSO;FALSO;FALSO;FALSO;FALSO;FALSO;FALSO;FALSO;VERDADERO;FALSO;FALSO;FALSO;FALSO;FALSO;FALSO;FALSO;VERDADERO;FALSO
95;amenity;ferry_terminal;Terminales de ferry;Ferry terminals;Terminal de ferry;Ferry terminal;VERDADERO;FALSO;FALSO;FALSO;FALSO;FALSO;FALSO;FALSO;VERDADERO;FALSO;FALSO;FALSO;FALSO;FALSO;FALSO;FALSO;VERDADERO;FALSO
96;highway;cycleway;Ciclovías;Cycleways;Vía para bicicletas;Bicycle lane;FALSO;FALSO;FALSO;FALSO;FALSO;VERDADERO;FALSO;FALSO;VERDADERO;FALSO;FALSO;FALSO;FALSO;FALSO;FALSO;FALSO;VERDADERO;FALSO
97;amenity;parking;Parqueaderos;Parkings;Parqueo para automóviles;Car parking;FALSO;FALSO;FALSO;FALSO;FALSO;FALSO;FALSO;FALSO;FALSO;FALSO;FALSO;FALSO;FALSO;FALSO;FALSO;FALSO;VERDADERO;FALSO
98;amenity;police;Estaciones de policía;Police stations;Policía;Police;FALSO;FALSO;FALSO;FALSO;FALSO;FALSO;VERDADERO;FALSO;FALSO;FALSO;FALSO;FALSO;FALSO;FALSO;VERDADERO;FALSO;FALSO;FALSO
99;emergency;fire_station;Estaciones de bomberos;Fire stations;Bomberos;Fire station;FALSO;FALSO;FALSO;VERDADERO;FALSO;FALSO;VERDADERO;FALSO;FALSO;FALSO;FALSO;FALSO;FALSO;FALSO;VERDADERO;FALSO;FALSO;FALSO
100;amenity;embassy;Embajadas;Embassies;Representación diplomática;Diplomatic representation;FALSO;FALSO;FALSO;FALSO;FALSO;FALSO;FALSO;FALSO;FALSO;FALSO;FALSO;FALSO;FALSO;FALSO;VERDADERO;FALSO;FALSO;FALSO
101;amenity;consulate;Consulados;Consulates;Servicios diplomáticos menores;Minor diplomatic services;FALSO;FALSO;FALSO;FALSO;FALSO;FALSO;FALSO;FALSO;FALSO;FALSO;FALSO;FALSO;FALSO;FALSO;VERDADERO;FALSO;FALSO;FALSO
102;amenity;prison;Prisiones;Prisons;Centros de detención;Detention centers;FALSO;FALSO;FALSO;FALSO;FALSO;FALSO;FALSO;FALSO;FALSO;FALSO;FALSO;FALSO;FALSO;FALSO;VERDADERO;FALSO;FALSO;FALSO
